model,accuracy,macro_f1,weighted_f1
MLP baseline,0.6967975206611571,0.5461239123542927,0.666749001843071
MLP improved,0.48088842975206614,0.43566049323871564,0.49359334650425274
